Top queries,Clicks,Impressions,CTR,Position
battleflow,14,31,45.16%,1
pokemon go pvp team builder,10,136,7.35%,6.5
pokemon go team builder,9,217,4.15%,6.99
battle flow,6,26,23.08%,1.35
pokemon go great league team builder,2,40,5%,8.38
battleflow pokemon go,2,7,28.57%,3.29
pokemon go pvp simulator,2,5,40%,7.2
great league team builder,1,56,1.79%,7.48
team builder pokemon go,1,42,2.38%,8.57
pokemon go battle team builder,1,27,3.7%,6.67
pokémon go team builder,1,21,4.76%,6.95
pogo team builder,1,16,6.25%,6.5
寶可夢隊伍生成器,1,15,6.67%,7.4
pogo pvp team builder,1,14,7.14%,8
master league team builder,1,10,10%,8.2
pokemon go gbl team builder,1,9,11.11%,6.11
pvp pokemon go team builder,1,9,11.11%,6.44
pokemon go team builder pvp,1,9,11.11%,7.78
gbl team builder,1,8,12.5%,6.38
great league pokemon go team builder,1,7,14.29%,7.29
pokemon go simulator,1,5,20%,14.2
寶可夢隊伍模擬,1,4,25%,7.75
pokemon go battle team,1,3,33.33%,6.67
pvp team,1,2,50%,4.5
pokemon go battle league team builder,0,40,0%,8.57
pvp team builder,0,32,0%,6.12
ポケモンgo 対面シュミレーター,0,29,0%,5
ポケモンgo pvp シュミレーター,0,26,0%,6.58
pvpシュミレーター,0,26,0%,8.15
pokemon pvp team builder,0,20,0%,7.5
pokemon go team maker,0,15,0%,6.4
ultra league team builder,0,15,0%,7.47
pogo builder,0,14,0%,7.36
pokemon flow,0,13,0%,5.15
pokemon go move counts,0,11,0%,3.73
go battle log,0,11,0%,7.91
pokemon go pvp team,0,11,0%,8.91
寶可夢對戰模擬器,0,10,0%,8
pvpシミュレーター,0,10,0%,9.5
pokemon battle app,0,9,0%,6.67
flow pvp store,0,9,0%,7.11
pvpoke ita,0,9,0%,7.78
pokemon go battle simulator,0,9,0%,9
pvp builder,0,8,0%,5.38
pokemon go team generator,0,8,0%,6.75
ポケモンgo対面シミュレーション,0,8,0%,6.75
go battle league team builder,0,8,0%,7.75
pvpoke team builder,0,8,0%,13.75
pvp team builder pokemon go,0,7,0%,8.14
pokemon go master league team builder,0,7,0%,8.43
pokemon go pvp app,0,6,0%,3.67
pokemon great league team builder,0,6,0%,6.5
pokemon go team sheet,0,6,0%,8.17
pokemon go ultra league team builder,0,6,0%,9
pvp battles,0,6,0%,11.5
pokemon go pvp,0,6,0%,11.83
pokemon battle maker,0,6,0%,25.5
pvp battle,0,6,0%,27
poke pvp,0,5,0%,6.2
pokemon go battle party builder,0,5,0%,6.4
pvppokemon,0,5,0%,6.8
pokemon go team rater,0,5,0%,7.4
ポケモンgo 対戦 シュミレーター,0,5,0%,9.6
team building pokemon go,0,5,0%,11.4
pokemon go generator,0,5,0%,35.6
pvpシミュレーターgo,0,4,0%,4.25
find a pvp team,0,4,0%,5
pokemon go pvp builder,0,4,0%,5.25
ポケモンgopvp シュミレーター,0,4,0%,5.25
pokemon go fast move timing chart,0,4,0%,7
team builder pokemon,0,4,0%,8.5
pvp check pokemon go,0,4,0%,9.5
pokemon go team building,0,4,0%,13
pvp battler,0,4,0%,15.75
rank checker pokémon go app,0,4,0%,32
movimiento contador pokemon,0,3,0%,1
flow pokemon,0,3,0%,3.67
gbl シュミレーター,0,3,0%,4.33
pokémon go pvp team builder,0,3,0%,4.33
go battle league team,0,3,0%,6.33
pokemon team builder pokemon go,0,3,0%,6.33
move timing,0,3,0%,7
pokemon pvp team,0,3,0%,7
ポケモンgo対戦シュミレーター,0,3,0%,7
pokemon go league team builder,0,3,0%,7.67
team pokemon go,0,3,0%,7.67
pvp simulator,0,3,0%,8
ポケモンgo シュミレーター,0,3,0%,8
team planner pokemon,0,3,0%,9
ポケモンgo バトルシュミレーター,0,3,0%,9.33
pokemon builder app,0,3,0%,11.33
pokemon team battle,0,3,0%,16.33
pokemon team simulator,0,3,0%,17
pokemon battle generator,0,3,0%,28
pvpoke,0,3,0%,28.33
pokemon go rank calculator,0,3,0%,75.33
app para crear equipos pokémon,0,2,0%,2
team builder pogo,0,2,0%,5
ept pokemon go,0,2,0%,5.5
pokémon flow,0,2,0%,5.5
fast move count pokemon go,0,2,0%,6
pokepv,0,2,0%,6
pokemon pvp simulator,0,2,0%,8
pokemon pvp,0,2,0%,9
flow pvp,0,2,0%,9.5
pokemon battle tracker,0,2,0%,9.5
pokemon go pvp team building,0,2,0%,9.5
simulatore battaglie pokemon,0,2,0%,10
pvp team pokemon go,0,2,0%,10.5
battle simulator pokemon go,0,2,0%,13.5
pokémon go pvp team,0,2,0%,15
pokémon go pvp rank checker,0,2,0%,40.5
pokemon team maker,0,2,0%,43.5
pokemon party creator,0,2,0%,45.5
pokemon go pvp stat checker,0,2,0%,52.5
ataque contador pokemon,0,1,0%,1
cmp meaning pokemon go,0,1,0%,1
cmp pokemon,0,1,0%,1
flowpvp rank,0,1,0%,1
flowpvp ranking,0,1,0%,1
move counter pokemon,0,1,0%,1
pokemon competitive app,0,1,0%,1
pokemon turns,0,1,0%,1
what is a fast attack in pokemon go,0,1,0%,1
pvp eps,0,1,0%,2
simple,0,1,0%,2
how do you save energy,0,1,0%,3
make me a chart,0,1,0%,3
more,0,1,0%,3
quick attack pokemon,0,1,0%,3
yes,0,1,0%,3
best pokemon team builder app,0,1,0%,4
flow of battle,0,1,0%,4
pokemon team manager,0,1,0%,4
pokemon go fast move counting chart,0,1,0%,5
pokemon go team builder great league,0,1,0%,5
pokemon league maker,0,1,0%,5
pokemon team vs team simulator,0,1,0%,5
pokémon team builder,0,1,0%,5
put in table,0,1,0%,5
ポケモンgo 対戦シュミレーター,0,1,0%,5
pokemon battle helper,0,1,0%,6
pokemon go team composition,0,1,0%,6
pokémon team analyzer,0,1,0%,6
バトルシュミレーター ポケモンgo,0,1,0%,6
generatore di pokemon,0,1,0%,7
pokemon pvp online,0,1,0%,7
pokémon go great league team builder,0,1,0%,7
pvp app,0,1,0%,7
polepvp,0,1,0%,8
richi3f,0,1,0%,8
포켓몬 배틀 시뮬,0,1,0%,8
pokemon go companion,0,1,0%,9
pokemon go teams stats,0,1,0%,9
pokemon pbp,0,1,0%,9
team pvp,0,1,0%,9
宝可梦队伍生成器,0,1,0%,9
appbloop pokemon go,0,1,0%,10
best pokemon go pvp team,0,1,0%,10
pokemon battle team builder,0,1,0%,10
pokemon custom battle maker,0,1,0%,10
pokemon go deck builder,0,1,0%,10
pokemon go tools,0,1,0%,10
pokemon go battle party,0,1,0%,13
寶可夢對戰模擬,0,1,0%,16
pokemon builder,0,1,0%,17
pokemon team battle simulator,0,1,0%,17
hur ser den ut?,0,1,0%,22
pokemon go sim,0,1,0%,22
pokemon go battle calculator,0,1,0%,26
pokemon team building website,0,1,0%,26
pokemon team builder website,0,1,0%,27
gbl pvp,0,1,0%,28
pokemon fighting simulator,0,1,0%,28
pvp iv checker,0,1,0%,32
battle go,0,1,0%,34
make your own pokemon team,0,1,0%,37
pokemon battle predictor,0,1,0%,50
pokemon battles simulator,0,1,0%,50
best rank checker pokémon go,0,1,0%,52